,AN3,AN4,AN5,AN6,AN7,AN8,AN9,AN10,Speed
8252517,1.9465537173637548,-1.1094626477973448,2.5824321290621404,-2.515207062352377,-0.1255318383190118,-15.9726636308544,9.501950961409827,-3.61828352598583,1800.303673837334
5504716,-3.1962122365429586,0.679526039345299,1.559602633978313,-3.31926792157146,-0.7436697797797547,3.8469201481004913,4.151490900446387,0.3282241888490377,1798.7301186108962
5834976,2.491763796527873,-2.5285145792061745,1.897812426949924,2.7244875453553097,-0.3201947939173082,9.177377412341672,-3.380683597688581,1.6347001142361584,1803.772804772481
6117099,-1.263029290845035,3.584169461103739,-0.2683740324125841,-2.073644185965915,5.734107831371162,-4.636576258630121,8.230341379256808,-0.9975102090952442,1802.87739219144
3951180,-1.6787566835231214,-1.3202716265092875,3.638763841046021,0.4859479285212448,-1.1523687106451577,-6.770972214838754,-4.330959583532863,0.139436268823273,5.1740633603185415
901613,0.6017943389317769,1.307404086270424,-2.108836246980354,0.8793752453146644,0.1882107757300752,-4.3496769585846256,-2.0005960640430978,-1.9341437183967276,0.0006045773625373
229498,1.950115289556515,-0.0799881673417985,-0.0805891289096325,0.1938714031443501,-3.337973075981261,2.146833711237247,-0.7715763500226395,0.3868836875772103,0.0005955714732408
1767065,-1.8179464978642583,-2.5572503163899274,-1.76817597635556,-3.149109046122668,0.4259223074306609,-12.456691751356368,-3.3442629620965034,-2.092395010397821,0.0006315857172012
739012,-0.7114565568173113,-2.4544743912604945,-1.5246860766829922,0.1286826345245711,-1.901766637028147,-4.621765747333743,-2.145808561239391,-0.3928135331241517,0.0006277300417423
2216759,0.9999018926347611,2.212537486020329,1.836282822974026,4.503183510696264,0.2501552193521608,-0.1002839006084416,0.1425144887928451,0.6110875904883465,0.0006097182631492
2031179,0.7547987686400485,1.1239460531366512,-1.229908034452237,-2.796681689461156,1.9511732367664267,-7.036057365193431,-2.214287649141624,-0.0871696174856171,0.0006315857172012
9331333,-5.3397874243586205,-0.1839574002577162,2.637250313105493,1.616627505084253,0.2295257541063788,1.1526874073271476,3.29283705236865,0.3242888944406135,1800.0899979192764
5815291,-2.3268740336522167,2.279845317323769,2.57680300050057,-0.7567426435789969,5.039222816997597,-16.360903018206912,7.049815144901181,-7.853077943710719,1802.8618283048272
4602844,-1.3878711054539747,-2.197015600362062,-0.5568849640898407,-1.8914244893195036,1.5327909604127796,-8.020261940180456,-1.0592930845117994,1.4821826805515836,0.0005942862480878
5307310,3.663750732152157,-0.4690542014059201,-3.228327617622341,5.262215041889332,5.889743148723492,3.105007498612942,-4.792119394622596,4.461610178444899,1798.078308803961
4170606,-0.9422844524154308,-1.0450603112706218,-0.6114409493375569,1.1804013839394498,-1.6225011353573002,-3.559640452964231,-3.184864252838971,0.4892654437507089,0.0006174389272928
609658,-1.245651708693082,0.3786326499546275,0.0701307536615058,-0.8045114802124981,-1.7345169217172125,-4.442750326889966,-0.5558214175647922,-1.4851853863155056,0.0006444565951824
5959215,3.968189294273788,-4.88223478257538,-4.078381551572912,-3.169764290159602,4.20440963217031,9.731270091713595,16.850109814720994,1.5961093937649444,1802.041828955524
887645,1.0488351052342804,-2.4618310576907407,-5.132412718702107,-3.556685726928453,-1.4734471119248989,5.525593902716147,1.3021511190038706,-0.7407662434658656,0.0005814246833324
9141637,0.0659750350193627,2.5345181707969493,-2.170012941440712,-2.087660590713878,-6.106895368511429,7.50397701027258,2.8131675778650767,8.670824999902761,1800.4670771788806
6735775,1.335215240601867,3.67679404552112,1.2150285049126703,-7.728546119804649,-3.3612676382621856,-4.853660521923369,-6.070252800104664,4.768368112398129,1796.523308839649
8541155,-3.215951240948728,-0.3367405897842916,-5.807244003965307,-0.5571646088699123,-2.875799643937671,-10.054704364178312,9.01354257674778,-1.910971112403215,1802.002325330861
5060367,0.4617998944631413,3.630366964551986,-2.2872360065006303,-1.8017102946650296,-0.8924037357357056,-4.849952803748956,-0.4208144530946132,7.392609601511674,1802.8528498113155
5513874,-0.0784880190397321,8.14444175410177,2.2162002726243104,-2.5258689486193195,5.065043082582614,-5.666738516598375,2.4846490180375524,-1.839938591800484,1795.4285833099857
4342574,0.5000011966459262,-0.058858882967273,-1.3958382725715637,0.3901613358623133,2.123455602690078,-2.539403719461656,-2.5312789397513757,-2.288876708693957,0.0006200093775987
3059825,-1.8476360819621491,-0.4095421101751865,-1.268750427337363,-3.88250574552848,1.969885846359905,-5.811850264435633,-4.588370088221771,0.7440436687191121,0.0005968566983938
7703616,-0.1407131322562464,-1.9908378908258275,-2.066983590618923,-8.966622628130999,2.357848510842456,-3.8416783834965695,-4.231581902679275,-8.678166195750237,1801.9263138240203
5251837,-3.3617566221008883,1.8406125852566788,0.1330976374447346,-8.594421318398327,-0.0543779232234598,-2.3226886284801185,-1.067020839043692,7.585931898039929,1797.8101636497304
4135585,-0.7061488995746541,-2.059675341468377,-0.4111928830854594,-2.915809639250465,3.7647239582555514,8.960632033213706,-1.1426032970193771,1.580110936613184,0.0006097182631492
9114917,-1.5968526983238092,-0.4063940378363268,1.5441847678560483,-0.4249115316372995,-0.3542254948727437,-0.9405277317987294,-11.786157447917788,3.605408265310175,1802.072956728749
3494731,-2.797534492924648,-0.8933444671524577,1.4054929302213712,0.2339036001716382,-3.507287637465009,-4.778245574961017,-4.944695452294711,-0.1913528159040854,0.0006380211561918
2538004,-3.308923187100981,-1.2697880253241414,1.9272928811982275,2.2264356228496087,4.510637162483691,0.4409645437595567,0.126523080780836,0.9645446573526392,0.0005981419235467
5268282,4.410204696954446,-5.832931655133804,6.030612768462074,5.414354491908592,3.415167714669324,4.085413408729264,2.818583857779409,1.868777634466396,1802.7026172559708
1843202,1.5974994751470764,-1.2613459461569494,-1.8518950373213736,0.2363221297452512,-0.266693761543438,-5.166961019193487,1.7586802355945106,-2.535148233802627,0.0006084330379962
2270863,1.1927268760779317,-4.601724328015766,-0.3420549033209681,-7.294544259457884,-2.159868642380557,-2.837466081338269,-0.983592280851943,2.298859572775352,0.0005749892443418
2498920,-1.4740316312197286,-0.5330615782115024,1.1818639883818105,0.5622624600924049,2.12061679228833,-1.8425673279645185,-0.7175416255901965,0.5592712544085872,0.0006148684769868
7234930,0.0537187939790224,0.395501281567915,-4.626321606338027,-5.112831779527212,4.160384186238884,-12.333188557399888,6.990733684278001,-7.949788305981486,1796.8866190379483
8236185,2.643684802656008,-1.899361937583805,4.190155484068854,-2.2874776063100337,-5.209375451379845,-8.45617702547109,4.840038680270606,-0.630517435424468,1803.788962567225
655011,-1.1497967349279188,0.6099691862560004,-3.5456412841798737,2.158224131356781,-1.918672388525123,-5.95636193181521,-3.6021888376479696,-1.4911900729898155,0.0006393063813447
626275,-0.3971829117004444,1.3913422534041395,0.3449218005267903,-1.1002166781377476,-1.488803993401684,-0.4758858124592474,0.8605808047910352,1.404771041338487,0.0006110034883022
6036279,-0.7488198477674173,3.638636588514928,1.9101712566155664,1.8578936468880125,-0.1797896470421941,2.692009867081101,-0.0908194730679194,-5.080278268923946,1801.0542427059263
8466226,-1.060318841839849,2.935491390749372,-2.7215018725165967,0.5262569998795129,5.750290213901304,0.6069271069652626,-1.3983698890489689,3.253394263047798,1803.6495033307
5169313,1.3708399472089343,-1.1501214773712063,-0.7875595026864459,1.2399927484539317,1.2027212879925124,-2.232745711533528,3.5678127817079126,-1.1190377614077398,1799.5417377417907
1080057,-0.4302413353557133,-3.2662870088747384,1.0106538736307993,-2.148670324809455,4.380811724797391,0.1487595161888748,-2.5808011402841657,-0.5756594679551199,0.0006264448165893
444915,0.4895311496578025,2.6655143719823915,-0.6964167323661967,-3.527901360975542,-0.755279866210425,-3.807665243445496,-0.2366372379141726,-1.0275451210327446,0.0006212946027517
9471972,-4.04402142584784,3.836902523944961,10.686880873086366,7.20803784030788,-8.021993127381686,18.32420568702355,-7.1324919368706485,1.460636107652795,1795.8248161068186
1127538,-1.2726268761169794,1.340882828216269,0.878287065080367,0.6599845789605752,-3.013538946584827,2.231248289878879,-1.059937997055905,-0.4413522627372812,0.0006084330379962
6655381,-4.844049272274877,3.497058083256806,-0.5714666958038627,0.3791493275817833,3.7611819037767193,14.50113618289524,-0.5248230973295136,0.7417029244642631,1800.0469046439976
6652017,-3.4921486146431624,4.185348593010882,-0.4667242487462669,1.7742766945991868,6.966575736475879,-13.973099126849528,4.693195589032827,6.45106037457784,1799.4531537238508
1229372,0.4572238740263741,-2.512145605976419,-0.378383852080442,-2.4362716044684367,0.3714623427085732,2.09997876460797,3.351117487763985,2.783196012495965,0.0006405916064977
3926147,-3.7278741096397567,-0.448423918889945,0.815183360511437,-1.149682369965236,1.7344971489084442,2.713545949597444,0.0563664747002933,0.7017348740159327,0.0006212946027517
6229540,4.71670673189246,0.5438944283954645,0.8622569461854609,7.04152351421005,-3.233236896100444,-11.120987001736204,-20.360384209483275,4.360595644981253,1799.7805543150753
8070734,-2.44985769671823,-0.4415909672330723,-1.2540052501628038,-7.475659532367055,9.929117198302364,-6.464027957815041,2.6998046201233765,-4.021752004822095,1798.681038217619
8132976,-3.7033364363733856,3.1205107961705165,1.8037157133221635,0.0539068835523893,2.018258706710048,-2.769415073518482,-1.7587679858301195,-5.411730494861509,1796.4586645597592
4745527,0.8429466544478164,1.6280093284825994,-1.8517699131043628,1.9967657667136964,0.6582132648417399,1.7912212923900883,-1.055811302337263,-1.6545454211494264,0.0005981419235467
3822826,-1.357381651189002,-1.637668803423716,1.9774494259105997,0.7879418302506495,4.083608519324322,-8.586465331359898,-4.627833703366507,-2.5527123409944275,0.0006251595914363
3181963,-0.2022734835017912,-1.979548206912609,1.392796932114288,-1.1178744029513417,2.029765443809177,3.353087639668956,3.9284856943746234,2.2453668316852093,0.0006367359310388
9356875,3.253233450029807,3.898056770513165,1.500256789418368,7.792036839813552,1.3684705944261812,5.157436859214078,-0.4056749828890257,-2.815528206673323,1804.331239993684
7977980,-4.058390582505339,4.599415167363112,1.773247137092628,-3.3386745753715608,1.557302774391441,4.395310995432564,5.403775539176136,-0.4083442264327815,1802.899537104182
2126712,-0.1575814345888206,2.459721119913692,0.0888610269641503,-0.4086656338454653,-1.3735614729632344,0.7618178539975945,1.5470519978553054,-0.7277808548339332,0.0005659833550453
2836602,-1.8921100498428276,2.466064722517358,-0.1333851552801206,0.999833649825842,1.3559909784667117,-5.484121925530156,-2.663981811110196,-1.8387674904143847,0.0006380211561918
2030400,-0.2689963911254853,-1.846477250056341,-0.128105278648436,-1.3205742294085212,-0.1287379332040388,0.7619445998155111,1.3484487568161314,2.502572047498284,0.0006084330379962
7501302,3.261959295302744,-3.030739293364951,-1.873528190816825,-3.0982466238849558,6.556903473406192,4.573284103622974,4.358153205876256,0.1155941144508474,1801.1111050425095
3921690,1.7643188797954952,0.170330824776023,-2.028636190453544,-1.4413962037248822,-1.3955008166352498,2.842269375055496,2.549998178712225,0.5541171833562354,0.0006097182631492
6943049,-3.840366169867828,-0.8680874448336543,-0.0128809076089125,-0.4971478977855644,-2.011358215708598,-1.0315478199495456,-2.2378220569853684,-3.165943621128213,1796.8770422693342
5628086,0.2777097840221691,2.170451907459613,5.214820759227645,5.82117640044329,-2.8436733670880847,-17.51964050784425,-0.4897432803523306,-1.4663049403358908,1796.9015846494583
2717629,-0.1486866769699864,3.716309587969718,0.0982882690662518,2.301299387951776,-1.2543191957796358,-0.8392642085174364,1.8815826729738283,-3.898511292167112,0.0006393063813447
3426766,0.4769523867358285,-3.207699076158414,1.2849416836816816,-2.3414527749141243,3.366473225915094,4.866190397413447,-0.4398834764890904,1.5289201491331266,-0.0047092977911233
9232837,2.326741526946137,-4.912173736119232,5.878393466656028,3.3874301907588835,-3.0878348119348,8.167189387780311,-1.5733991840890809,-4.26320815641506,1800.2623753873631
4387617,0.0629457729102266,0.7804264425437019,1.0472339841397478,1.6956175599659145,-1.2459308170502257,0.9148597013138766,1.1648052501093062,-1.161126747863212,0.0006045773625373
133222,-1.2624475439097438,-1.2303516013237337,1.5410024572443215,-2.122667180047406,2.744318973330646,2.424651224565293,-0.6365519798959471,1.7204478359522504,0.0006315857172012
1666014,-0.6682188009548067,1.544095158264698,-0.7074788091285154,6.767596370804731,-2.8278346097567257,-8.43660704076423,-1.558638988694708,-3.414174852446498,0.0006354507058858
8735810,3.3847689197100257,-1.0441737751403988,3.2330343786340507,1.9352804025951411,-0.4033671222000476,17.063324954712158,-4.431598034559511,-0.2160792549451192,1796.5843591019511
1610831,0.6394092718058625,0.3023888968871723,-3.994910288485698,-2.9874083016094604,-3.6478233465675225,6.592049057894785,2.873695814217041,-5.269330375194032,0.0006097182631492
2033605,-1.419596591950614,1.0027662843922334,-2.0302701117983086,1.153552544195778,-3.016507692587053,-5.243991721986926,-1.9955663053717996,1.226878936771148,0.0006097182631492
6436716,0.5319058305393314,1.504826182852727,-7.35892591854701,6.165226288842702,-4.340531565597122,9.761530167932776,-5.337147626514527,-3.854673100160617,1803.8625853406263
531402,-0.8711504828566172,0.4139928217329011,-2.1610029990039763,-2.607284653846783,3.524043680552739,1.2824402804087311,-1.917414461262524,1.016436015773151,0.0006187241524457
8311791,3.358964092713064,1.7439043093584288,-7.161310014243313,2.6570430974353023,7.115785798458292,-1.7315983983143313,5.825717623035112,4.141054061405798,1801.9825735185293
8702759,0.2542417136858788,-2.9293600908534545,-1.2822717858048591,0.3002048030776796,-3.116510843283661,-6.000198564439447,0.7226615778955758,-6.391476730213445,1794.637912541628
7165333,0.6939449912102524,0.1034875978490789,-1.3600945329436895,-3.927464614499288,4.061267963636699,2.059177056236086,-3.0625036315006366,-1.3450971421073463,1797.653948343359
4170837,0.2401625907981738,-5.453286941269155,-0.6556883430713787,1.1917704049488886,0.9919387312346742,-3.352868630351232,-4.064005864318459,2.817723685726782,0.0006560329347848
3107074,-0.9175389972442072,-0.9272816576392332,-3.427479270864278,-1.0605471727277078,-4.4866536870099525,2.3003844057342837,0.9694256398361176,0.0631753345951438,0.0006290152668952
4590838,0.9617779841609884,-0.0132235541839298,-2.432149003897793,4.354908503336795,1.0820161154848935,-4.50933941097797,-1.6945664227740571,-0.4937941474167422,0.0006045773625373
3820470,1.2208168996281656,-2.3344282081661123,-1.1847802046220748,-1.9144040330205685,3.544176166128252,-0.4631534494858766,-0.4688998812011309,-2.249170138177255,0.0006187241524457
2186427,-1.0271844949846445,0.3738569055446514,0.9713082439312712,-1.2094281297624825,-0.5775769259972671,-2.5952986251629357,0.5842134127326841,-1.0045266722122,0.0006457418203353
8128515,-3.009785189649312,2.8029993221074574,-4.900903261911413,-3.927584983549026,-2.4365000078611274,-9.58345865584769,-4.12880497820237,3.653492997674381,1802.222591008991
4013347,0.1818738277638551,-2.03673715525325,0.4336686630593612,-4.30834522263523,5.743072566768327,-0.3546748725763921,-0.4696743354267839,3.890754996928283,0.0005749892443418
3593884,-0.5860089038812196,-0.6124650445821529,-2.886068610488437,4.090527390873131,0.8990225365827071,0.5298357290282312,-1.5635392056844597,1.544657625419657,0.0006277300417423
1647185,0.7807318934727108,-1.3931144435451748,0.4721347699780017,-4.426143595890607,-0.1913273470169029,4.405918551376089,4.720190398627891,1.2047112847859454,0.0429406389594078
1395165,3.004933150365076,0.5631519198280703,-0.6241369474446401,-0.8647411215620544,-11.560055892712908,-0.28732065380817,-2.947185089745159,0.2488485606348452,0.0006225891411304
1764825,-0.2339263362498352,-1.3818262227135252,-1.8806818270729853,-1.6651409258618233,0.5729105431279263,-2.324356140502329,-0.9601210056737596,0.9397999698412604,0.0006084330379962
3160982,-0.7706419151591679,-0.3764974616915352,0.1586273677600547,0.1060666606286898,-0.2617891634065542,-2.7357357872783066,-1.7845820482221562,1.2323334596132758,0.0006058625876903
4348200,0.0449622680321262,-0.3511954001872343,-1.5460558316437527,-2.8606603151061925,-0.3303151276615477,-0.9884869061144334,-1.328052931631516,-1.6182915092277752,0.0005981419235467
4179427,-1.087363713134014,0.0226430599669031,0.3730793159315362,-0.9802412769909444,-1.730129241295274,-0.5177753052807279,-0.47496131355209,-0.9040215618378068,0.0006058625876903
9324409,-2.5642645620816458,4.800846112405002,1.2184546973842847,5.096538906108656,-1.5684882196310517,7.601215873124461,-6.672270669072281,2.777098002387028,1795.411224598065
2431499,-0.4454618812030856,0.4695175660536715,-1.961761406380683,-3.972607827682692,0.718479844405479,-1.9627596415313224,-1.5730824202099547,0.9653202506338452,0.0006264448165893
7366581,-3.2647270133941784,3.131358194612939,6.177937253736536,-6.106168137125247,3.4945320651352945,-3.039723543344802,8.38936927417914,-3.3206260744847502,1795.0042184824124
3133816,0.3135989063582566,-0.2585499342421398,-1.4689984935894609,-3.3127444386571785,-1.024092142979048,1.8896412839115195,-0.6422266511113515,2.8972370377612404,0.0006122980266809
8754985,2.68010508887556,7.291091141289117,-6.837171251670676,-5.029694546224934,-2.8502178665633497,-7.54681697009869,-6.69836504932712,-7.816331972386322,1800.8992195827886
4809556,0.1915939094707311,-1.2095655108283403,-1.1388624373536849,-1.036223762159077,10.510131055228058,-2.058002359743387,3.5872609884131186,-2.028932247091742,1797.6000773822889
3176848,0.0136245810298439,1.3136028119718983,-0.4094329242082312,2.0907380230984502,-0.0045910578835563,7.486236143524624,-0.4516195800554539,0.0760606934394066,0.0006238743662834
623564,-0.0801218565879756,-2.9423530004599003,-0.5643010855652392,-6.491847115519564,0.1150391429768318,5.52062844890835,2.6659361197879266,4.628894008760755,0.0005994271486997
2053223,0.9926066955635836,-0.3001088317218875,0.6291400894941762,-2.8726335294150678,-1.608434194262072,4.864153144781344,1.3187874395599852,0.7306829871700352,0.0006148684769868
4562955,0.2901622969538017,-1.849757485182992,-0.1961116605671122,-2.6239754937436928,1.1336363282429112,-2.8290626472194806,0.8453638510046791,3.706532927663324,0.0006007123738527
4577330,1.3236278133268842,1.82413039082643,-3.234018965056166,-4.858272654989447,-3.688087376156226,9.218205629947729,1.114251375896856,-0.2290828920473965,0.0006071478128433
3370490,0.6963163755383107,-2.7723058407185777,2.629479940594174,-2.7745487189296485,3.993402141035947,-0.0825860838272741,-1.85228761385328,1.0961998047035495,0.0006135832518339
5407503,2.1570701957554426,0.4591055943104568,-0.9582548115689026,-6.92268851090152,-4.722717627186639,4.754486089607452,-3.71794106767458,-0.0324967664246465,1797.6790846316144
2430437,2.450088619293945,-2.3219098767767856,-2.567281331638805,-1.2932415081125397,-0.2801147908855652,2.9196821792117715,2.433286715365414,0.9134288922133338,0.0006187241524457
1426583,1.2067840234422322,1.8452115022878648,-1.4365666618663815,-1.071311122249776,-5.262635684000885,4.229576908517628,3.0293545898914864,-0.6255243171084051,0.0006418768316507
4473527,-1.995672291351893,4.154766011805108,0.1772316035302355,-0.6480113646517005,-2.1852908250827765,2.6535774705865016,-0.2247725246208054,1.032699010871713,0.0005968566983938
6245980,3.169031641140407,0.5163546064180776,1.2753540291809125,-4.056842892237428,1.2578120646632711,-12.323022205031137,8.637758483197175,-8.279985985627361,1798.5762964049354
1225937,0.710203804440547,-2.135991622527659,-1.7155059875175356,-1.9574589529209048,-1.9216401929650264,3.407837173236268,-0.0506722324394753,1.4269136858767726,0.0006200093775987
284825,-0.4708130371144525,-3.554257699149642,-1.4353099398035556,-6.2838254701749126,2.6004275361114404,-7.02358035776498,-3.2898405445739622,2.591843377805263,0.0006470270454883
9462640,1.0251331873036718,5.9138976052373815,-6.541787073589291,-6.592654148643868,1.1008685437318315,-9.037220393711662,13.109378735808765,7.712993515180606,1796.7639202382416
7644743,3.668822125175744,-8.396479949920254,4.4499317972132815,0.8317334401719971,3.887546710043308,-7.305811774337063,14.468503422012514,1.9912889190748624,1794.814482302405
5069969,-1.7458402181339074,-2.1282815841024783,5.846090005854005,0.3718419597958617,-1.083497201727929,11.9442102622311,8.925288806066792,0.090654026351723,1803.02882129699
9333626,1.7006112025281173,1.3879033738743547,-7.5548278311124255,1.7596619590273437,1.0694559907244738,3.417775491779704,8.221355942534464,5.119496810377813,1794.8204650534317
5743398,2.3174685746086143,-0.0259673553788495,0.6139833623400104,-4.894446300448109,-1.4478358152870814,0.6606301538786795,5.931818090817507,2.5049708418402017,1803.0383980656045
5501845,-2.240807781693557,-4.29754396398625,2.546212635934354,-0.1828071995163862,-2.2336266168924124,-2.3344101138272366,-2.989636770650452,1.1717347318635267,1794.4679281739518
5779170,-4.630599127773151,-1.442569034720612,-2.0119200388972587,-7.70842076613093,-6.206606070850494,-0.2472951375650908,8.538796329030802,-1.7885827258521434,1803.9655323280024
58752,0.4935544120985647,-0.3188502438914249,0.1362511391704902,3.0294963365931133,-4.145572735755176,3.408218342644561,-0.1436552011540957,-1.2991118599117422,0.0006032921373844
8897269,0.4103889106323359,-1.7087783909843384,-3.748002032247875,-6.651592809917789,-2.1335581822373038,1.1897645890712734,-6.360368912710862,6.9957575304251085,1797.810761924833
452982,-1.441021570134688,-0.9882091105659948,-0.1743647063244134,1.9131938900458267,3.1057903982372475,-1.3612873626074615,-3.380114321430612,0.3622390298535012,0.0006354507058858
9403503,1.9021283720105768,5.831839721240931,-7.045799149916726,-0.3052365807992106,0.962605438778333,10.111974552273743,-0.4183528397013158,4.613906985112265,1803.626161867753
2342887,1.2403514226971883,-4.820011914557978,-2.2727553644729777,0.0718401640411824,5.065426397156546,-1.978802307043224,-2.6994473412632938,0.905172266822774,0.0006058625876903
827342,0.0428051895280478,-2.1150312119711403,1.7597287217341362,-2.805268611091797,3.378087397160719,0.7358433489155556,0.3698759831355085,2.6657773509763905,0.0650682859122753
2071617,-0.0712756413258758,2.117166400234233,-1.8859617037046696,0.2907460706550269,2.0385408046530538,8.326565576085287,0.511219937021711,-1.430741818602352,0.0006483122706413
5910204,-7.13700967981088,-0.3927900361086801,1.1315775247147457,2.565280587043401,-8.252232605330294,-3.0016895594461896,-6.703041749549846,-7.740134263739866,1798.509259024635
6694039,0.851832394952019,1.0392277272875456,-2.915446216670368,-1.0804273188114162,-6.716822874601753,-7.387023981449736,-8.74468253231516,2.5023881565122044,1800.087006543763
2437812,-1.8132689923266183,-3.603149266143822,-1.143925777794793,1.625954423816158,1.7418526337702864,-3.091092850580545,-1.2256562900729475,-0.222477664220302,0.003329049795866
8323629,-5.108785984541457,0.398997923809136,-3.667610088506572,3.15634621623552,-3.6818184237056784,10.593267122529582,-7.907938504335926,2.613265761265568,1797.766472099349
1640965,0.5678389603959572,-0.932346797690672,-4.003206846057437,-7.705749612812023,-4.111116262570445,7.375592636210577,-0.7150905851407774,-1.3163756965271507,0.0006341654807329
9029534,2.2329436794901443,-2.6351259184811693,3.621658274474054,2.36426515258708,4.211191749461341,2.824891147748478,-0.1154365200622408,5.149331455137215,1802.7864107061175
8179470,-1.0553964963866014,-2.255822214002385,0.9085105445522532,3.3244183111303243,-2.7378942713002163,4.502836579702933,3.21221556149277,-0.8931752367346893,1797.5294503513724
9241782,-2.828902029162668,2.12172775003249,-5.728809628635648,2.1909222990836725,2.2645621934783784,4.855553039683484,12.372457878846747,1.8864128665596829,1795.2897223485634
3451020,-2.636798524294107,-3.2436140423037982,0.2291471938043832,-7.7429997104605155,-0.1659051643146835,3.77338049969902,2.1901910324647487,2.0695264250453973,0.0006354507058858
4558775,-2.1207564159719947,1.0842924033236851,0.2285188327729702,1.8389351964310312,-0.9706650721245282,0.1533428686338343,-0.1639019136117505,1.7012325124103678,0.0006007123738527
6101870,-1.1435260413696404,1.2706998668744915,-0.7160993006366954,0.569622366214698,7.081041373660628,-0.0517402406571046,3.612493438755764,0.5181524537357629,1796.6992803253231
5509598,2.301433824836977,-3.2539416230962246,-0.3443609994764513,3.893442346521142,3.3147424180931004,-3.188512867914054,9.342676539923628,2.768366396719334,1797.743728911504
3750821,0.1829403213199638,-0.2646039621228827,1.2150502186687662,1.128395972603287,-2.123863299175636,1.652312535726066,0.1805587371678224,-0.3306640474927715,0.0006084330379962
8760238,4.097462620974507,-4.456733574648349,2.35410317635307,-0.6286822751445588,2.3164403424641784,1.232463971904988,6.080507392100259,-7.62571507663119,1798.5170409679413
9450238,-0.6814237367577533,-2.505288212123274,1.1997333226295623,-10.222548900066675,1.277445563089067,-4.26639750037553,4.478778653577262,3.8585229320269,1803.096456952393
1159862,0.1179381503492564,-0.5026941975743016,-0.9306054274691268,2.5134327092091557,-0.503630387452767,2.066365028132817,3.8013279525496593,2.267109175859433,0.0005775596946477
9588083,-0.2526588248930382,1.6347661302118277,-4.260335117578508,-2.816969634227032,-0.011542307160725,-8.300211245440083,10.556066591365663,0.7816217839717864,1796.753146919422
4002193,-0.9781543774581624,-4.802090516399737,-1.450897494633682,-2.2569140133295704,-0.8709093687633417,-4.425306933699175,1.2539187435592922,-0.2593571247416548,0.0006110034883022
9223987,1.2116100365820996,2.8751284895304963,-1.5940517187118537,-3.162696781866954,9.60356860517341,15.014721924122767,2.8798813182933656,3.5901097398178248,1801.748547513038
9338498,-2.3426354995795653,-2.4430111734691065,0.1142544743533318,1.3130673049193502,-3.531776264170618,0.2794477315443865,-6.975433515275225,-1.4772006840098135,1801.871246312745
3175526,-0.964557663336814,-3.214766167865737,-2.9423845546133816,0.2936493599688848,0.0050872612274107,1.2041365277088645,-2.256845353370798,0.3996688354204201,0.0006122980266809
3750306,-0.1021286239068383,1.69040811469541,1.775818600063212,-4.058235542306926,-1.4956435021109036,8.627556139137596,5.213603480186844,3.32845621052224,0.0006032921373844
8949986,0.222296270624551,2.8817901413835743,-5.524341339388721,-3.827076827017765,-4.386103703318353,-4.781538374581425,3.324224449255887,0.9643434382536832,1799.5991983534768
6863902,1.082411323562552,-1.60183523318725,-5.455818385458912,1.6421431078101096,0.1339790211102672,7.357340270899374,-8.23879632733616,-0.6396423879207349,1802.7379285879435
908257,0.1631875374321422,-2.559951939315115,-2.1721911132987586,3.943460770112533,-1.8491135304025608,3.713411088733534,-2.265228284489629,0.2532270384059908,0.0006483122706413
8642591,0.4849448785703614,3.6606377366179306,1.752690877765418,-3.90901652006608,3.923361720604315,5.005179675963688,4.690857238921464,-2.8497901032952697,1798.95157647226
3864332,0.2893624267867201,1.3380125105545362,-0.1821589403972029,-4.3399116879669375,1.7791488589190867,-1.4115802895477303,-2.1286559378661742,0.279823183056174,0.0006277300417423
6670494,0.1112205914894125,-3.689167251486985,2.1119476654208635,0.2341977549049088,5.757190704902753,-5.348587303229095,-1.343350638361538,12.629704330773912,1794.3248792868108
7473588,2.9535928172954717,3.647595316825995,4.12236684216903,-2.793489762072292,3.390299661137232,-5.454318773634026,2.7121136001512114,-4.832279667550442,1803.6638706671076
8968797,-1.9618509603398184,2.9842155481764947,-6.46592279036458,-2.822359883279169,0.6499073563892147,-5.212117794830841,7.316175227363903,-1.8950084260865752,1796.90637085028
9458752,3.62651005502373,-4.145347637806593,3.6602024920284766,0.6963657039516373,-1.3142127857029988,1.5336308487743695,1.9201734925017635,-4.228602035665045,1795.1718097496778
3221517,1.019581862987481,3.626751307335992,0.2995418956317007,1.072157695419334,-4.891227951907005,-3.437028785402487,-0.5315766201154993,-0.3720470230198568,0.0006084330379962
5077743,1.569050741759506,-2.422158470648734,-0.9423480010949652,5.001062527298925,1.164169755773009,11.757984405980917,-5.593906868906581,1.6072512987781973,1803.8913156464696
5899906,-4.127651316376265,-5.527645974102144,2.4935964924784817,-4.7078066206765605,-4.740685189717282,-13.75601486355628,-1.1771835167618356,-1.446554510324609,1795.9648736184463
8533232,-0.3305709701477329,2.522777371896722,-3.157968883617568,0.5829200710890425,9.554546221951451,-0.7187798267827841,6.489893969367532,-2.1264050155878067,1801.187714824453
831264,0.1671138949459418,0.7801612228995152,-0.8168419413734227,-0.3157814523124565,-3.198856301298461,-1.5386476317819735,-0.4019687697956604,-4.529389739903207,0.0005968566983938
7857170,-0.2932556793381348,-1.9199082891860204,-1.8337598213782689,1.8940711358808116,-3.246802001077437,-13.138252784902187,-7.612776814722546,-2.358834642697783,1801.1146946931258
1789271,-2.6609379191521745,-0.1187976271461914,0.6518926040502264,3.4384034721207657,-0.6928194464357167,-7.876260051936176,-3.4767076820467726,0.4151062223439415,0.0006071478128433
3194617,0.2031049960940034,0.6899999749855886,-1.6297748926095663,1.098160840181383,-4.009036783397812,-2.737899785728326,-2.022261211315968,-1.7427658950457243,0.0005634129047393
3540387,1.1045789902701637,0.2380603288473816,-0.1390422311937436,-4.155594969557848,-4.385478107666731,6.2438214468503626,2.4574029030877025,2.424184574215259,0.0005737040191888
4483502,0.5491769412426116,-2.697074972396241,-3.344764856896363,-2.7166172954065795,1.3514743040066173,9.695919937221332,1.7738981213354104,-0.7694641009374108,0.0018857698887586
2745631,-1.5954319303231974,-1.3481302549551222,-1.3450533668277784,-1.7298449347413571,-0.629455126831596,-0.7135975939620817,-2.445131857613368,1.9548850398407212,0.0006444565951824
2498960,0.9021079213978122,1.5144032728995247,1.0036140381218863,1.081470000284473,1.8537394260920432,4.62669671882343,-0.1417204635217785,3.7288006094361967,0.0006032921373844
8896739,-0.4911432078676333,2.168308006610703,0.4334984203943841,-1.9703815989899176,2.6891086354990974,-3.500922389750209,-7.196374274059837,-3.679059628470271,1799.7877336163074
7711642,1.6518104389942747,1.861567343185527,2.660010404025134,5.086476229271796,-3.9501350686371866,-6.850234250415043,4.7304914059007865,-1.051251904345026,1803.7476641172543
6491163,-0.7129961114132265,0.7800627760068637,2.062146086245776,0.5746541439362289,1.9143831646330995,0.5360016212710792,9.637961492818944,0.953103287839422,1803.8643801659343
4955810,-3.4352933491749185,5.52142377266152,3.094887002729454,-1.3965656453708426,2.932080250477121,10.652471122876648,-4.822029458249316,-1.9784616854260948,1800.2204786622897
8895411,0.1711587504300371,1.92938305571408,0.1160893589258194,1.8362105244173184,4.845155211531111,-1.8234557981760988,1.1821441790636846,3.903065899423524,1800.908796351403
8123764,-2.0051078374666598,0.1940192160254232,0.3696249153178473,-4.223477587384996,-4.33065519433155,-1.7024146146931731,-1.9102877772906244,0.0295581697833304,1795.0179831767457
1614535,2.4984402225451823,-0.8319587447662271,2.917846508347429,2.85098444043587,1.880453432300464,3.105700306095448,-0.1274056417335356,0.0825156953716133,0.0006277300417423
2307794,-0.4085982761393469,2.2153354547716964,-0.3596535787777975,-2.890653945845909,1.1514459795692993,-6.409121292277371,-1.22268987876097,-0.9474062203985846,0.0005968566983938
502224,-1.042090054872761,1.9276059872251656,1.3887737775454296,0.2888114226337235,1.3990938184571635,-0.242758315355916,0.6182595761160233,1.0223408538731746,0.0005865655839443
9077466,5.781595706652029,-0.7273257522287973,-0.1452773666152588,-2.0613050404584623,1.7168644432709588,-2.3065424822973744,2.592596608926268,0.6189703137851228,1802.071755811572
2807076,-0.8743012413817025,-0.3086474357967209,-2.3207738377107305,0.0428134182181495,-7.690984231650291,4.493134585375498,2.675866095448977,1.640684228235235,0.0006020069122314
316519,0.170628181787017,-1.6840519763894524,2.624954462526366,0.8271274541083794,2.192885466774484,0.0066672028042376,-2.0435405294078266,0.925763724798647,0.0006418768316507
2823329,0.7282114007105083,3.308172192776977,4.922963912580162,2.813613152852317,-1.2632235506616687,-4.781810301089925,-1.3475261218180612,-0.5190143388463184,0.0006225891411304
7445240,6.150298043510166,-2.4700660013153213,4.7314885215690525,5.480840380461708,-4.231301353913599,6.468552779757749,8.208678085722175,-6.859336669246355,1796.7962401947009
1993102,1.0199937538736992,1.240325722392356,0.9682915629912168,3.5794228907593952,-3.869791014676856,-3.827018211495929,-5.050445266300812,-1.5917453794714271,0.0006303004920482
5303054,-2.434842187810588,-3.4672665426474194,2.966528364385552,1.8807743096126688,-2.2816976584563733,13.614620767393196,-8.51414093345988,0.3509013457041161,1801.803012382239
9065360,-1.348076122147696,1.5609778701783208,-2.528535417066172,-6.57085153572964,6.056563040920504,7.462952250860768,5.838764356631858,2.6566281403396643,1802.7792314048856
4339375,-1.7408989905361378,-1.4756054533901164,-0.7062220870656892,0.800641305981956,1.3685090495417491,0.243359426036477,-2.8993404073906794,2.7102128659478493,0.0006586033850908
7760986,0.8245606450040366,-3.735313634434629,0.2010089631837149,1.1096567899551026,6.152704253653496,0.1657033725729527,11.458908043363513,1.0067712077323128,1803.593243636191
1435582,-1.7165413348592715,0.2952251011907469,-0.9136351130437106,1.9723345783557025,-1.834789542793344,6.59815988383655,-3.188733728103605,0.903846147282618,0.0450502429157495
6131971,0.2624456227746248,-0.8852392093031246,-8.037549336082664,-5.823573238163622,-0.4666674638462955,-8.027869680861253,-0.1050970133613137,0.8219341729201521,1803.0006892662493
4377410,0.6804899491642888,0.3808276514257943,0.1104819436743855,-4.643114854483148,2.096097567853201,-8.835254324566836,-2.854847965529188,-1.6254472633138195,0.0006161537021398
5896584,-2.4655197376680182,-1.8234807113092613,-4.22741913308318,-0.0767884248832486,2.5535820522040957,-0.014781670750312,0.298996547273561,1.3353945870025483,1801.9891589116305
8199470,-5.132552509602431,-2.9304832547248774,0.3383002387216459,-0.5473417915263263,2.408179968038451,4.64887498825226,-7.340262698776581,-0.1343723167391384,1796.540069276467
3969696,0.8801254252573166,0.0209305039524812,-0.736390723097138,1.8515134822272763,-3.8811471978461696,-8.290822323478226,-4.085285182410319,-1.421109239991185,0.0006212946027517
9297166,-2.608093177777459,1.6817291399200074,-0.833322365696614,1.3173803827672628,0.7097574525347377,-8.922279373092467,-6.9808488821282095,4.877155171889885,1801.3678786028177
9441866,-2.577813507622273,-0.3793903304907145,1.6211505191257374,2.358155325055121,3.851612455376953,-1.810298670294149,11.17937796402211,1.8492487131380568,1802.6170246135443
2267954,-1.1316677827661212,1.9080685579601453,0.0992947426950559,-2.5128285159097192,-1.0788100957774471,2.0720946846662884,-0.4138325511344841,1.3538553357745209,0.0005917157977819
3126347,1.4373693870431854,2.512664763132731,-2.144661958925426,2.287633027303784,-1.2922594495568922,-3.476880093637321,1.9482565649252916,-0.5560188366022581,0.0006058625876903
901197,-0.9148245805702137,-0.9565152735449372,-0.3352671428769826,-0.3196516265429985,1.304886741861317,4.839707045150654,1.3225273731430724,1.6573975385916937,0.0006058625876903
1416601,0.7814346789263232,3.781120422384792,-2.9479155929945406,-1.7039629799143694,-3.713381506382612,-5.845846102273622,-0.846117802230375,-1.983408026397228,0.0006032921373844
4597658,0.1041718975523501,0.4540563890107851,-0.684726294572465,0.5511358189530885,-1.4178262008594098,-1.3164696686102872,-3.240060192632621,-0.1579011877442503,0.0006328709423542
8416696,4.053161691687281,-0.6913376633754522,4.127016291022303,1.500905403551065,-6.118436805277224,-11.49391667601072,-5.01182934671056,-10.290563873508397,1795.7368303639814
4751837,1.4769231376025502,-2.0158249176098213,-0.8920132830180227,-2.6745292604229265,-2.1788382984880243,0.7457751884856926,-0.035583888380123,2.269836437280497,0.0005981419235467
7533973,3.0270795621927173,1.2231241547299976,-6.461272446008832,-5.151884946620687,0.1937107435453717,-2.9173670863767827,1.0228706706388322,-2.262763788594919,1798.534993587993
4499069,0.82106124302079,0.1285307045679028,4.607696551484987,-5.722892586616441,4.327126665866559,-10.691872731183786,-2.6679798961018344,3.798331097389261,0.0005917157977819
5565906,2.669415195763801,-2.894877919001499,0.8498990120222939,2.829906231952162,3.252987897841728,9.875514386397484,7.582535309826626,-8.374581149980132,1796.7842703256756
4774310,0.2812189969782329,-1.4075865536772951,0.8325299609033391,1.4415173936599437,1.9857587039893128,2.569035214172409,-2.0799081915590376,2.605379111482762,0.0006264448165893
3781700,0.6885607452241806,3.4281941998740835,-1.4390810193074866,1.9088398342629749,-2.5200491853432787,4.485750709527305,2.564957913044574,1.1292761399462403,0.0006341654807329
2359605,-0.3879246257656202,-0.3777517482464876,1.0285037108371031,-1.829380511695769,2.6021054001697865,7.019216014637744,0.2206654009475771,1.7881518742134277,0.0005827099084854
5320207,-1.203140934289192,-3.2571066327080813,-2.948851145517369,-2.0620237403320805,-2.751815367803394,-6.140256300568578,-9.444185222188633,-0.9887296633393156,1801.918531880714
3133850,0.1005607057843122,-1.3336583239044628,0.5322217936068773,3.0773891938286115,-0.779541102569243,0.3086763921725962,-0.9418080988938784,1.6102599508594722,0.0006045773625373
1370088,1.9184867079868384,-0.077841517865183,-2.349183428180404,-0.0500707633148592,-4.764500254261087,7.818547834875061,2.294007040793076,-1.6069075032654736,0.0006315857172012
6965361,-2.433076989926886,-8.247831572375151,-0.1592266086775523,-1.7754751134593525,-2.422340423147254,-1.202105491791131,0.6877050242003272,-5.987295150464655,1801.6366220321504
2014582,-0.071663440820233,2.318352781710963,-0.9586369053414092,4.314996618056633,1.2731400850401786,1.9508837447834333,-0.5976055995228566,-2.275265952675707,4.859779318794608
5001658,0.6838020253710764,3.592158387045191,-2.377417583305103,-2.051362732671341,1.699968336898589,17.044427013903285,4.591771821473158,-2.7018958958340624,1798.7217383924872
5401819,-4.935410578508634,0.9295279662052331,3.069190559192347,7.315853364625064,-8.031273278120517,1.1325936834767174,-20.25096019839539,0.9657455352591532,1796.859687924385
7587664,-4.445688446631301,3.408313080103342,3.5850716253312758,-1.3926119174597391,1.127997012895958,5.962382474879046,-0.7744431130441963,6.544647153978254,1797.8197404183447
1304437,-0.8036036136739806,3.298258780323735,-1.9245529348403212,-2.1285931922343124,-6.3062699529793615,-5.844827475957572,-3.1098074297686766,-3.32055005181529,0.0006212946027517
8912607,2.3020801770871206,2.3057771671912906,-1.7172710683483352,-1.519834095577023,-0.787338363790066,-5.714460891091596,-19.865329651271598,3.2153939280439823,1801.21285547968
6955911,1.638609750563113,4.213424343727314,1.6249438676123444,0.3865761858112405,-0.6265868650418572,-0.2915487747709704,5.096181606252988,2.8693319900947456,1802.8833749424664
798950,0.5954928218816062,0.5153699415681116,2.3142125794989985,2.5812823872726693,1.605962593166023,-3.547799038534451,-3.379598950568054,2.409948088383923,0.0006225891411304
318282,1.0702602632048606,0.3513286367944423,-0.2598446394829079,0.1950806679311566,-5.240181305738568,7.220131434899355,3.661145214024665,-0.542407899370624,0.0006393063813447
771386,1.259667864733918,1.7966575038482375,-0.5973612783197313,2.06558145150596,-0.3341868319308634,-5.513279055378265,1.4583252655408745,0.04968961581148,0.0006405916064977
910436,-0.3943471391346144,-0.516129246964028,-0.1097531179431825,1.919724973720104,0.3300373667764679,6.257062657004488,-0.4321454579143651,0.6055582265188503,0.0005646981298923
8659377,-3.051053207640942,-0.1607055658708792,-0.4331966360601097,-3.006604482542792,0.5318722295983926,-16.62367568263467,4.111979996748999,-1.6262263570930442,1803.7985393358397
6033519,1.5495602099016363,-3.127064630240505,5.44535264802667,9.603929301758978,0.2232197428418096,-3.5335749106587087,5.34863302520677,-4.8963515562754045,1802.843871317804
7983251,5.835368438231898,-0.701138671643721,2.128344315748949,8.519549133642661,-4.725098157318951,0.6546503600646861,-3.6776914973469337,2.8292409272170533,1803.449592106976
3673523,-0.7447332412913793,-1.3956230166550796,0.3582461596652865,-0.1955645494834663,4.903080338420174,-2.5874049701794446,-1.6040335625543125,-3.5059230072786,0.0005942862480878
7184081,-5.945035267232926,-0.9869756976406512,1.471745781600476,8.157170641253575,-5.807761520704373,18.89592001460632,-4.516528261935009,-1.6112229330282584,1795.326828505844
451088,0.2587760675947849,-1.469092976968443,-2.820953785292804,-1.7350455636937672,-1.058677610201934,-0.3908347088644014,-1.0875368989072738,0.7354367578583252,0.0005942862480878
6851829,-3.330482522378096,0.0521088922452071,-1.8250725518625528,-0.93355950600696,4.4935478646064455,7.746058498632229,15.409994760856907,0.775546638988981,1803.795547960326
9059483,-0.0394821440276031,-0.0702505354990741,0.9923286807651708,5.59536406313473,-1.516372452829485,2.870221956158583,4.802496336838778,7.999386163611037,1795.2909188987687
231573,1.1368377235448577,0.803123585111918,-1.1122483446355909,-4.099235502438834,3.0253922746603177,-0.7221277738987866,0.4111447942310145,3.372641469811141,0.0006084330379962
5779952,-0.6472407822213117,0.38531733427695,5.333023503995861,-1.135532621223971,1.411186966383568,6.521896476734356,-2.5660950033103718,-4.811594627943693,1795.3753106240183
767103,1.3706707505978584,-1.9555967777894403,1.9276700804801656,-1.872678689654164,2.2780591944501416,-7.619068556564992,-1.5494825353047676,-0.0537429967726994,0.0006135832518339
6477643,-0.3199306996287525,0.1717883045088034,5.58668084872457,-2.140010584075495,-3.577229157786501,13.77704518161854,1.0648431877295177,3.842437347652865,1799.6093733971938
8878092,1.487732796595363,1.767385907158883,0.5438691005110743,-11.862775767749206,0.5751830812926602,-9.3379084302007,-6.703411539395649,3.8834383674696378,1799.917022176087
7688243,-0.1549084300470167,-1.3996897164933009,-2.148477002405204,-2.710352528770014,0.8646790460448395,13.118497324439709,-3.165773609105278,4.290374835916594,1800.9566801944748
2226312,0.6085320180465328,1.2639394038795109,3.821538356058299,1.3280730761874178,1.0731117606028608,-6.200694318395107,2.3066452763575525,3.3418919144120687,0.0006110034883022
910205,-0.4229461382845357,1.0255597727866297,-0.73689395991154,3.934027275312333,1.3976748840374509,2.4431132440721344,-0.6266220042348971,-2.3006611962337047,0.0006367359310388
7332056,-4.25468713160187,-0.6035371811803955,-2.724438225134062,-3.529267983054213,-2.349044466130086,-3.194134190397441,-7.926155904344482,4.561124552114337,1796.830957618542
37981,-0.3216864225632459,0.1935827617113496,-1.4038836683938278,0.252407019966855,5.303524910971599,2.267152770621968,0.6819670567555086,-1.9133770270790489,0.0005839951336383
8045077,-0.5532938871949795,4.441808061506942,-8.761569356115968,-0.3276384031435227,-2.2385051804725244,-12.119094191013636,1.17623667214431,-2.530586595336596,1796.9111614180729
5941628,2.241570279577524,2.207512039683778,2.101179248151872,-3.064225234513012,-5.435807821906613,-7.054998697537293,1.4961386720339456,-3.341163563377717,1804.2336774822325
7869001,1.821158504163896,-5.582955195577807,-0.1752561029906457,-8.305716591904744,0.6023124208517161,-14.384541625403,-4.110218701409358,1.7197274913390477,1802.5511881504208
4404104,0.2205795253724167,-2.76692694994694,-3.7647447479516263,-1.8396614578534631,2.398076377424997,-1.6486546141428071,-1.913674527679437,1.0091052095586848,0.0006097182631492
9140094,1.3094102338129026,-0.9217377595915782,-1.8105116816094295,-4.831793770756359,7.042370597335776,5.624257028102872,17.243494991870485,7.914481684565543,1801.9263138240203
5084088,-2.557452962262749,-6.485642482361167,2.7022252862270078,-1.91898928638899,-1.858817152330808,1.2813830080459696,-2.16815547615874,2.0523356529427508,1795.770346870646
1252570,-0.2767036588693873,1.7164820172979185,3.807208436606452,2.858240907344644,-5.093321122517137,-0.9595841998567004,1.5718130981217004,2.970945943910112,0.0006174389272928
9247362,2.235703306941452,1.9927577909357328,3.4951354162051143,7.498540195091712,1.5147056465394022,-10.074678597585203,2.044490447231367,-4.348875224298122,1796.637627420947
7694537,-4.007725375902237,-0.3091243658950948,2.120267778921587,0.7795029372539157,-1.8465611213278537,1.312480395976102,-16.40646700181213,-0.0227076531040902,1804.3288468932733
8826801,-2.276059779478776,0.2393999068204042,2.8512628677372764,-3.6617609197801,-3.405530702009377,2.7012194172953645,1.6501209899490952,-1.4507357834600934,1800.1737913694233
8852412,-2.0643746530687483,5.06603473169124,-9.681002344363016,8.514038515540785,-8.175843264733516,-1.582570092858008,-7.683058798897499,3.359672412568447,1802.7888081735
4810544,-3.3606379562593327,3.6052008068371264,-2.8006705598762416,-4.631377545730121,2.193884384409289,4.848257093778194,7.844464305569143,-6.607451713552662,1801.102126548998
3027766,2.4214896201440244,-3.455364976427061,0.8939997441275045,-5.7175707677289695,1.624804196797657,1.7938950699754057,-1.4038832769729197,3.091892467578873,0.0006303004920482
3346653,1.237661277201562,-1.7184232603384215,2.242309080543928,0.7375092535064769,0.4741867920719855,-3.942627172617773,-1.9488819064239835,1.2257530580197151,0.0006663240492343
3597056,-1.378152386276198,-3.5610353952155025,-0.5291037346515804,-4.5482960249288364,3.969914868906064,-3.1033163663731616,-3.630689871497452,-0.189226095635806,0.0006251595914363
1319218,-1.026239357320372,1.62658616810964,-0.5035857009049505,2.0112787005312454,1.5406624214272446,0.2816841927290495,-0.5466649641748517,-2.521437266783323,0.0006161537021398
1136936,0.5258615079434867,-1.7317616057390453,1.051885499740019,-0.665064896165859,1.2517176590831085,-2.7152365151393623,-0.2732630514739347,4.640503262958696,0.0006148684769868
322285,-0.4567317983582908,-0.8881104532830123,0.5543459471315145,-5.2223105343425855,0.1941473261722046,-1.176160184267376,0.067457665722551,-1.7619562111406897,0.0006251595914363
8103282,-0.331416172352997,-1.3272796651560417,6.379591874205152,3.671223508580674,-7.884681364086183,-5.996371355821498,-5.425401397195516,-0.7895042425861545,1803.0000909911469
386148,-0.5833671209558214,1.7627204924429234,1.0889679337479174,0.9942703292561836,-6.089980847235846,7.117000413160504,3.258005909322361,0.7729917818732146,0.0006045773625373
5834383,0.1032901460369581,0.9673792578859975,-5.137430539784526,-3.291954690555355,-6.334755186722655,9.01662762153823,3.354380126385127,1.9979791021814528,1797.497728670016
4264314,1.2066628473369023,1.5639943320815466,-0.1952321377862244,-0.6810294746403367,-0.3162491281286419,-1.4662012133880384,2.8525460378067296,0.2919079411723134,0.0006058625876903
6862487,1.1349907756196944,-5.571750325416625,2.736853471455667,0.4365310986649313,4.388006386634343,16.322847069153237,2.708051390215462,-3.872382107610796,1803.6536956233904
9537923,0.993187744242344,2.1241268815989542,4.612918620785844,1.9262957755687091,2.6916066689468976,-7.59370203288096,-1.327718115028213,-3.221111700815313,1803.8069195542485
4336413,-0.070039609094209,-2.130154462296552,-0.1508577932044863,-2.153023502404372,-0.1909403649024358,-2.1851920282933857,-2.5691945783993493,0.963719049177598,0.0006457418203353
4765204,-0.620982053829907,3.138534950500573,-0.1971172208804637,-1.522669862566265,-1.9163495542759976,-3.6631535760659184,-0.8684278620473507,2.3021371792419814,0.0005904305726289
3263135,0.763669434867022,0.0551570900807193,-0.944558147639036,4.711447535911037,5.584856200377582,-3.036980773920991,-1.783550374542496,3.1042273001641862,-0.001137126237154
254757,0.408411837532185,2.303518747945553,1.0391885883174836,0.2774424016242846,4.10786975568314,-3.526790919214753,0.7496726223866321,-0.0478633473329763,0.0006007123738527
2299293,-1.69630384655013,-0.8865185981735074,1.9887626644223928,1.1542779274302748,-1.187858077697456,1.1790539031249605,-0.7723508042482924,-0.7074396525406175,0.0006303004920482
6285745,0.016478296642598,-4.195603365431772,2.0670400072748856,-6.309220180758887,4.2556924310243,-3.3011809342874656,2.324267053136638,0.4655420414957345,1794.311110225506
7829167,0.0750987599945436,3.0136442261779672,4.997014856109255,6.6356592864360415,2.777158656967019,4.821465754846355,-2.3802340615029425,8.804084660083639,1802.038239304908
6004430,-2.46957188982761,-0.6986374849687806,2.0861285380446004,2.4335063501911334,3.952275369768943,2.1344085909285626,-12.551880825091809,0.1546766097639121,1801.4786075335
9217432,2.174522066093319,-2.017943839172645,-2.4682107883004054,-2.4244022327211656,-1.749467696541937,-3.5241255009511714,-8.871462013499409,-2.9558960494457502,1801.0201279241592
7281596,-3.294882627067418,4.806946182322368,-1.6679584335249211,1.6343568996438431,-2.4769550937915503,-12.548119356890888,-6.16195246431173,7.576265865389038,1800.2713538808748
2128736,-2.320198082211097,0.6365013583179782,-0.3355183046264574,-2.514037780696526,0.3843673958980775,-1.2082455152911795,0.5359810372881059,-2.001046974716397,0.0006405916064977
736454,0.3858720032217743,-2.7414320177088176,3.3584417557995763,1.0419216848094943,-1.6036595317256666,-9.38044959642658,-1.4158765999932903,0.876074108987167,0.0006135832518339
5155113,-0.6130580074768728,-7.294709915053596,-5.002342200336551,-4.881029983736432,-1.0976567864418023,-2.109432452411021,1.368990314065241,-3.465863821261069,1804.3958799066024
1935950,-1.177789673764684,1.213238935044729,1.2450937304832042,1.9341167176025915,-1.926931773216377,3.1277270517311986,1.722183963716296,-4.553759315710825,0.0006084330379962
2837785,-1.1187254915281573,1.7191352882285544,2.9328057021461427,0.8250716161520147,2.8880814165116973,-4.9140984526768845,-0.8888041161865526,0.7466957265860401,0.0005544070154428
5610787,2.67806660714757,-3.935136607366653,8.246723490838825,3.261286941058229,0.3557713162676194,-9.151324102619904,1.3470804939667382,1.6801530385718624,1797.0218903487548
7085289,0.1428179572332779,-3.750882894098171,-2.448755101515698,-2.215720959148316,7.024760767121178,2.364410122610487,-8.22501001404781,-3.6776330614206834,1801.0374822691083
2119647,0.1502211548023175,-1.415787410116115,-0.6012583953561261,-3.5387865004326717,-0.8279355228110457,7.953764187637716,3.4938798764654027,1.1260485483734453,0.0006418768316507
3788207,-0.0029289019761577,3.102981907988477,0.4248697819886728,6.794686712230591,-1.7250965906825568,-1.6928357831867675,-0.9959723650078688,-1.213568632542673,0.0006277300417423
2289156,-1.4093688971731504,-3.618344865379599,-1.757868298157118,-4.640453945039412,5.033937728411719,-2.812256710936448,-1.1836139567063322,-0.3434241878890639,0.0006122980266809
4545793,0.7101552620838124,-2.5178620653026096,-1.7562343768123536,-3.2496123861816995,0.266931976810981,-4.35757154552266,-2.457125180633738,3.620689429717863,0.0006290152668952
2237751,-0.9328079056618076,2.122231540285671,-0.4218777605658397,3.8950831531367904,-1.76471470851816,7.221150061215406,2.997758535003024,-1.0362770691281185,0.0006097182631492
8080201,1.801344886076956,-7.6545902459088575,4.369417169632822,0.568784175897544,-3.2125336823062347,16.234099935248206,-4.71666765709718,0.3200829686487422,1801.9855692610145
4459371,-0.9062205377322672,1.4480969292011256,-1.6525274071656166,2.3668499700008674,-0.9227875695976708,3.1217429716073504,-1.4396060265800248,-0.1740889792886769,0.0006354507058858
3349686,-0.4606822472639513,2.0169470420463336,2.447082624863833,2.7438288267674995,-1.0584196221256226,2.1274798112322704,0.6739718187267757,-2.760628241360084,0.0005904305726289
313924,0.8812402813836536,-0.570688921289847,1.01015155013185,3.3173399961222176,-1.163337911700004,-1.211046970648957,-1.836683898931369,-2.732956051638919,0.0006341654807329
5925666,0.861726708451293,-2.427288738196486,-2.70571685037934,1.1185210479317966,-1.1922513073849894,-3.596367138736652,-8.696924858525687,-1.0523587173106623,1804.0487275030464
7786221,-3.886904610630167,0.2273272893980833,0.9764218702912336,0.6200561194487335,-7.977253957608032,7.463071741304304,-13.01173321610572,4.552565332429081,1804.4766863482075
4898253,-1.896567944739316,3.2268923720318936,-3.782875585154847,-1.8449561705566797,-3.576276945733577,-6.200179000789261,-16.14810807593897,1.501292903341499,1802.814542736858
467916,1.7135919372213817,-1.5541407328363797,-0.817219140655361,-1.7037214782321826,-0.7443106651555785,0.8792087122066211,-3.476579072319769,1.1105861540030066,0.0006135832518339
2415814,1.2325472500263237,-0.5232686875817164,2.6806420456198974,-3.958821155287576,1.6738426456679156,-0.8397739876527338,0.0888655935414135,0.1863486083198545,0.0006148684769868
7233847,-1.349567856395106,-2.494721511702342,3.2709669679976443,2.1316242878729432,-0.6476469407571808,15.76440935989595,5.527231477054895,1.618221000421281,1802.047816073522
4157740,3.1849370186756123,0.9606765894611894,-2.517250824458897,-2.9586239356565502,-0.6362946355408153,-2.434999647816377,2.839649650833702,0.8835549598831374,0.0006187241524457
7230261,-0.3565250245070364,2.877221455771533,-2.556679268869071,2.0699294389418825,-8.55065272929512,-6.611142658962391,-16.56623356336472,1.8509457289588216,1801.0626229243353
2998043,0.3089454922124773,2.7176621771874085,1.911454164618626,1.179070929217582,-0.216105501090666,3.0961505678881487,0.7091782655167792,-1.753299285386068,0.0006122980266809
1505414,-0.6437399691726103,0.206101093100676,-1.769307574201375,0.4789329632946576,0.2709317335561301,7.244831958120422,3.004206728489537,-1.066976609633356,0.0006071478128433
2738209,0.1149571102862356,-3.5295344289282657,-1.3047021768148988,-3.0606992321196365,3.287881018872344,-2.257001921734107,-3.2973204117401367,-1.9740255222552352,0.0006174389272928
3479997,0.1204587571693247,-2.939072765333249,1.354204787663184,-4.083029422282169,3.81350536061182,-2.5550642836107205,-2.5796399249229576,2.667303530091885,-0.0011178385466337
2030468,-0.869017675530906,-1.3114436267929916,3.289807012849487,1.0495417215234526,5.569886301015264,0.0430814626826239,1.5936077870761174,-0.0314001114456914,0.0006187241524457
6463274,3.434912010336934,3.522862224819186,-4.953274933191449,2.5337746472291216,-6.535843397690868,-5.770077542313987,-4.602689296007156,5.245500737253357,1803.584863417782
6884530,-2.648391757289875,0.4816172038485675,-2.386594692674968,5.91162100153149,-0.9869982566788928,-4.396647355466516,-5.324224156199716,-3.048400485924646,1796.3988108476624
6441323,-1.1082494120800357,3.6173243588673207,-3.601289175164242,3.0920164273032587,-2.653175251227672,-2.9992971147568706,-4.909790175802566,-3.413450447659866,1796.5831625517458
555952,-0.3726312663831461,1.625042485913225,1.0027345153409988,0.4783287699952219,0.8785030688927269,-9.110780161672404,-3.78789662366866,-1.3896090987578242,0.0006431620568037
375810,-0.8930844366403781,-0.2261324290359648,1.1122236851183698,-0.080789777289073,7.258386247354491,-5.359727428926686,-4.760665184452331,-3.820549126695065,0.0006135832518339
3740145,0.8872023615096952,-2.187801680096662,2.769514945684932,2.12000627060367,2.2621853952584114,5.944231611476944,-0.1190227106147046,3.662973216974125,0.0006688944995403
8757183,-1.813286131528353,1.8286420229428335,5.422715240946186,2.479746516020792,7.410754806527464,-3.86846972242841,-2.385157288289537,-4.8447250589436175,1795.7865090323612
2881878,0.5236803380475474,1.2539778185131791,-1.331980169438757,-2.94822267775173,3.205676037198912,-6.141871211518134,-2.9961909874608468,-0.523993176556865,0.0006122980266809
3821195,0.6251097722309018,-1.0090489992990577,2.0022130610933524,-4.793930459539226,0.090131994864913,-4.506793311165113,-0.6097275322702314,0.1200457119395852,0.0006225891411304
1762721,1.785234882379882,0.2765078650184852,-0.4256488400697708,1.7932184888990237,-2.372544031931068,3.185149430929284,-0.603280270738261,-0.495370341426072,0.0006457418203353
2703977,-1.5406576339164602,2.4497593554659,2.029742215466685,2.43506233968163,2.748964641828896,0.589549784448796,-0.3144023208878934,0.8990173542535761,0.0006264448165893
3808595,-0.4051323518684999,4.083129129329622,2.543874883218668,4.784618154674087,-2.242202618092145,-2.235611701051571,-4.301427807958263,-1.891309404881516,0.0006328709423542
6807011,5.232333295536316,-3.2883472071436413,7.375011829516066,-4.376334858671672,0.0362902461925399,0.0035179392346795,13.803957285834292,0.379604707453765,1801.5641958089543
1484295,-3.1671401321911805,1.6675181013933726,0.1573697323817759,-1.959394479130144,4.586906535277316,-5.622139733650587,-2.184884483294029,-0.7269052317650575,0.0006097182631492
1106075,-0.9722406599023488,1.7208236682457008,-2.7350966528523712,0.1313435439683067,-3.864629370025983,-9.327738247445916,-2.945121742385838,-2.81912482760769,0.0005981419235467
2093992,-0.4692862901018976,-1.0672991843793684,3.056624791375361,-5.440128366104685,-0.5601551983476684,5.059084484919107,2.092307846760377,-1.7275537563578431,0.0006380211561918
8805372,-3.379830033392518,-5.67292523181844,3.595962726439423,-3.3021377364419524,-1.669746484154852,-1.852280231860448,1.87438437897785,1.056577425961401,1795.8290040325371
8238697,-4.45424043303751,-0.5459818178546177,3.709636915188571,0.8815679839759498,-5.879748403747502,7.944962642384022,-14.925117184426268,-2.981992073211015,1804.0636931145564
5468186,0.7023973728468977,-1.0567566681050988,2.4732847053271088,0.9458977729082104,3.224669598808911,6.3001476931122085,-3.741204044690319,-2.027702353456441,1801.871246312745
5796268,2.954089942183273,4.564167303358493,-4.534794089312739,-1.8822125879661085,0.0073765970279123,-4.881050191679089,0.442762621769718,0.2191175578856,1800.89503165707
1700966,-0.6369539274876262,0.040564458125143,-2.318888754616492,-3.726489511519993,-3.667309920389935,-3.231656758513833,-3.0414569515934478,-0.1157424377225753,0.0006110034883022
8243894,2.7030262319392677,-5.749163743919014,0.8372948146783392,-3.947829827666281,1.190703745200255,13.683154687004263,-1.3034699448183469,2.592088946816968,1801.0255124000832
5062585,-4.370585731212696,1.3903026913335488,-0.0703909720938939,6.087359814149026,-1.395719178090585,-4.382175832705675,-8.872447206693536,-1.3073672558747085,1795.4219979168847
5183779,1.983073428560868,1.5249643140210392,-5.79133719349137,1.0438896012756056,-3.555692105649786,-1.280686273327413,-0.889036877482545,-5.25830222257212,1794.8809170406312
1522947,0.0922232863353932,-0.2840690424775375,0.8022352873394265,-0.6607108403830072,1.9616264616686503,-2.2657874572157324,-4.25538738960001,1.0077040676777769,0.0005685538053512
6918492,6.008246539584917,2.5266060185527657,0.1874268771364139,-1.055869396846249,-5.42474162077235,-3.679971790538642,-5.631940439343452,0.3464740938415714,1804.9471358265728
8737022,2.206318461584308,-1.0020344958690843,-3.2099733988826107,-4.48666583254652,-2.8264203987946006,2.4588989480486445,-7.440947799705991,4.004105085543557,1800.066656456329
2830101,0.8008722970683831,-3.326780368339306,-3.4649389041541143,-2.46372551569948,2.599266589768039,1.3184724389242806,0.0307032424357852,0.6881991403384341,0.0006624590605497
6533992,-5.35758737201396,-2.1046213433890086,1.202792359086184,2.1509105726233058,3.4082663532729445,13.674901938944489,-1.6690377949499615,-0.214210035754185,1801.7120352638883
4175322,0.5755704993182265,2.199488536261168,-0.4008852048870175,3.143423657430013,-3.010184160030456,0.8420311815571038,0.8849551439218755,-1.4206087286260702,0.0006457418203353
1572744,-1.603236102994062,0.9530787003025702,-0.5362686943775042,0.822289516773218,2.333163187800685,-0.2474693455733358,0.7921017168888023,-0.409426813692941,0.0006290152668952
1146424,-0.2519096613414292,0.4599900741495337,-1.060709040327929,-0.4766356236561057,-2.2815627478514364,-3.286915139261899,-0.4696743354267839,1.8252065680765857,0.0006444565951824
7265024,-1.4823712192792229,3.0249766187515617,2.7268202617191366,0.2022129747102844,1.1063415870488242,-11.088573461714777,3.3287787992580258,-0.7061985339604172,1800.2360425489023
322142,1.331746971957004,-2.16028062020538,0.9995917968684808,-5.964778036931349,-0.0777626906367998,0.0700736621261707,-1.079025358061439,-0.9707747734759729,0.0006032921373844
2986426,-0.2044548331842369,-1.2258892494710345,-0.3092458723159507,-3.983130275522573,7.43479830562377,-4.430017963916595,-0.5809692789667418,-2.3756960407093475,0.0006470270454883
3886337,1.5812126155301018,1.0212904707492128,-1.1192881801445036,-0.40757755899372,0.7049298210251961,-1.9673429939762817,0.7924884780243571,-0.7499987029263543,0.0006225891411304
8359492,-2.621095196045503,-6.875768303871167,2.238593207528959,3.3740129954410034,2.212207938466116,-0.0798468530740377,-1.7096571551234112,2.7482963952363706,1795.6871516956016
4506141,2.318339269521177,1.6016942031517185,-2.1469242413016034,0.3744391372579579,-0.6393923755811969,1.958905077539384,3.8014574942312063,2.217994912540437,0.0169694051146507
4701981,0.0337408932336554,4.077340321093066,1.3514392684726044,-0.5745992442064631,1.26036402588883,-0.6952623202731566,0.8360778559331914,0.8046419677880798,0.0006290152668952
3293442,0.8361606127628323,1.9092504956047325,1.359861863576807,1.7218622064101503,1.3097913399982006,-5.351451672580358,-1.149825944731544,-2.195176885721998,0.0006380211561918
9069053,-3.216348940858969,6.103153877748474,-8.642020671126938,-1.5592466126073077,-1.1237146698425855,1.387113599844698,-6.413910830137776,10.290970368420377,1799.3268609065562
5252371,1.9461806489579,-3.6984323310162086,3.0154738431939725,-0.2725331007309678,-1.956981162880068,-0.7349259729655281,-0.7236084225131015,-2.652040372292201,1800.7956743203104
5683303,1.3278067313336035,1.048135520990739,-1.3982715944831194,2.4090679186695017,-1.4317726768622885,-3.2340826572112302,-16.143307199372963,2.028871254593718,1802.9875228470191
5172014,4.432404874086839,3.99994624856704,-4.649447957770184,4.920680603047584,2.590110786607331,7.510794115797525,7.568011242969362,2.34239296439816,1799.7721740966665
2954057,1.4616299580065826,2.2478736608827883,-0.6061610727058723,-3.443241409455927,3.519269018016333,1.8864586591454489,3.679199969395994,-2.530669726243812,0.0006341654807329
737510,0.1233428923053828,0.0386346762981631,-1.7290815084055065,0.5409769409183913,-0.5166644346804272,-2.1425392647007744,-2.486529278435877,-0.8256590960016991,0.0006444565951824
2772825,-0.5431104051563376,-5.354587268361858,-0.7771191123919561,-0.2417651385677834,2.569842767196026,5.411258923455274,-0.5277071448508649,0.1215718910550802,0.0006161537021398
7722160,-4.311045451974316,0.458212193852652,-2.835176061265745,-1.3472099419472343,-7.413373824870471,6.851290335070409,8.990401949952629,-2.971981633819785,1799.5824379166588
6196224,-1.531246596494236,-1.4598994421030973,-1.0409723752393176,-1.912759968413496,-4.981514762773689,-1.5203753169977432,-6.811604743786885,1.4027131392675287,1800.085805626586
4193,0.612046304887608,3.8311215781131938,0.6805533562693744,0.2197524797834025,-1.5457157864110525,-3.68632662579018,0.0482416949900133,0.1997092898689313,0.0006341654807329
4320506,1.2681264602881672,1.3201636403881232,0.3405214466759935,2.4166792316335397,0.4983199759549701,8.995517887640743,2.585850470000877,-1.2390639058883406,0.0006534531712532
8727723,3.96856218288764,-0.6424857976431868,8.397842220102369,5.207588579857122,-2.568456231155127,-8.453067638120558,-2.6910273613883,-0.1614769080690309,1799.7536188345402
3442347,-0.6158196640844406,0.7536048748402618,-1.1488284551445394,-2.9533021167690787,0.9510297314551918,2.0061421255314986,-0.4664497727062552,0.918257685242376,0.0006264448165893
8685067,0.9000612401248863,2.99797272551322,3.681738431063984,-3.873078011960352,-5.415936705665051,-5.290937557254195,-8.681662125038164,-9.231127469855195,1800.4443339910358
30499,1.25714725791385,1.57562030054921,0.9887808818556368,-0.0757103382717244,0.7757786195293146,-3.3168355398811395,-1.4889986854312671,-0.2258052855807667,0.0006084330379962
5853831,6.100005725520917,-1.2419037818313858,1.3134084068811862,-6.845061017094915,-1.6604654630210904,-3.468509728334983,-16.59491282029479,1.0140269410376457,1802.8151410119608
4233694,1.5838058560987656,2.026860454499575,-0.9270855097146704,1.4527643465463858,-3.057545686404691,0.5232151239511689,-1.2489980235695837,-1.869917346177519,0.0005814246833324
5473523,-1.6686988411953083,3.2126503864567257,0.7340209916807141,5.466823975713745,3.1138926953355828,11.071807898159292,-2.426391138749964,-1.806439284016104,1801.938881968148
5548386,-0.246468766027896,1.8074831547970336,1.2524721499245903,-0.9199024511958064,1.3074297980170375,-5.90834116457768,-1.73722795557742,0.6400242301763273,1795.5997642278671
758614,-2.18173532450194,-0.391234970549304,-1.757365061342716,-0.593828925424112,-1.50570974489866,4.74612482966456,1.6548651592207273,0.8990923765943282,0.0006470270454883
892792,0.7786231775388606,1.2100790426600725,0.5845145831629633,0.6227344813120838,-1.3019387102301818,-8.951881912004733,0.4562812166820679,-0.6230223039229815,0.0005917157977819
7061706,1.889921933355018,1.4106192795221464,-1.186950920292965,-3.6764951457954784,2.3497573195773853,-1.6305323268445024,-0.1047281365768582,2.4578207190714627,1794.4008907936511
844784,-1.5009339851085242,0.7013123718145138,0.9456641726521776,3.600588098186283,1.052334304836569,-1.304373830590131,-4.163565636246597,-1.7170703809113346,0.0006290152668952
5837429,-7.697036597719522,3.790322267366748,-1.7009962063569295,1.843877242140049,-7.931443331676105,-0.6690234789308509,-11.96709516293862,1.810854666081129,1796.8100092560053
4684208,-2.005706176275432,0.4514032971616102,-1.1926995629118755,-0.2882072293342879,-2.418485682323268,1.5149312525588483,2.322249923234007,-2.3058652821798917,0.0006187241524457
3340068,0.0220103630489911,-1.2690403602232097,2.510563528714701,-3.618004321317689,1.117376488499036,-0.5613190174169306,-3.705488543159195,0.7953846820940573,0.0006264448165893
8209901,0.6196872982049079,1.6626121175146418,-4.16513693590577,-3.5287882640676664,-2.645321677778368,0.0999203689818111,-1.991894461360632,2.272221460646274,1801.066810850054
1700264,0.9312399875392816,-1.7604406063590998,-0.4062902057357132,-0.983748759604238,-0.0425322532231352,-9.21798568867546,-3.638427890072177,1.873019719302344,0.0006534531712532
318513,0.6346830441249812,-2.540728081688832,-1.4321672213310377,-3.5981695686126693,-1.6225011353573002,-4.277867065143903,-1.2349413531898918,-0.6278260895051061,0.0006084330379962
642241,-0.561263448709996,-2.3400964945792126,4.162575825965032,0.853734792169864,4.8277148654559605,5.3693694306337925,-1.3762853070760943,-2.1157135485813745,0.0005981419235467
7768643,0.4477290127383235,1.0551799259737835,1.9255891227378303,-5.299472337904963,3.130907175418371,-8.674815543136503,0.6245613536413978,-3.804251843807744,1797.8658294361085
6119306,6.545575975681362,-3.460936709316435,-0.7120614799742518,7.3169314144354916,0.7727018026548007,-5.008668621193686,-10.608586793144545,-2.697788398055469,1795.458510166034
4391287,2.059009459486605,0.9955784917799936,2.942611056845635,-0.3910079090318714,-1.190954876175515,-3.641763355383383,-1.7513103390644702,-0.4934438619465153,0.0006393063813447
2435008,-1.0909263625453174,-1.4944432113858337,0.3571145618194714,3.036390111884639,-2.760599527445612,-8.692652232046903,-3.6309480229060025,-0.2817500249624976,0.0006071478128433
5901448,-1.3450930132368812,0.8741421569250317,-3.459226662436359,4.8927690412076,0.1261263180558925,1.7706884668683098,-0.1430082335775973,11.194371344412074,1801.5348672280088
8267683,-1.148523000504059,1.8073299791879556,-2.876780210779265,3.794132608850045,4.228207099939059,6.797945759487599,7.612937513519735,7.249487052653349,1796.5681969402358
2663229,0.3178887921880461,-0.3333707060180969,-1.5131207631062715,-3.1153655528995348,-2.327247351729647,-3.4683499137006164,-1.0162200094200668,-1.4594148498403632,0.0006367359310388
1758768,-3.948595306779236,-1.128757434757426,-0.563169487719424,3.613529075599776,2.485443003749302,3.035291140333616,-0.5117157368388559,2.2339828257229075,0.0006341654807329
